start_time_s,sampen,rev_rate,std,iqr,drowsy_flag
0.0,0.01792092622320878,6.266666666666667,0.09579647388374418,0.0026320945034967735,1
5.0,0.007473404184230234,6.033333333333333,0.07088882225263146,0.0016205942774831783,1
10.0,0.007472550428796703,6.233333333333333,0.07088349136717492,0.0023616928374394774,1
15.0,0.0074571561080820515,6.333333333333333,0.07091224224327518,0.0037951803242322057,1
20.0,0.007515020005290755,6.433333333333334,0.07092992237512917,0.0054306008387357,1
25.0,0.24334817357444213,6.166666666666667,0.0036867815465042937,0.005721979367081076,0
30.0,0.008653326653573074,6.7,0.07666606477916389,0.006598316773306578,1
35.0,0.018103425619919133,6.9,0.10228734555882919,0.008719355158973485,1
40.0,0.01897039953879114,6.766666666666667,0.10222012123961505,0.009003922052215785,1
45.0,0.019904678824890765,6.433333333333334,0.10221808069473771,0.007479312131181359,1
50.0,0.020423481480747015,6.666666666666667,0.10970190626750873,0.005272440073895268,1
55.0,0.03598243434420059,7.5,0.1249256192416103,0.006395731310476549,0
60.0,0.032480096450417856,7.4,0.12134043952782846,0.005021639561164193,0
65.0,0.020584840661112026,7.066666666666666,0.10314457345479884,0.002173502383811865,1
70.0,0.02046747673227795,7.533333333333333,0.10322353164077476,0.0015420822728628991,0
75.0,0.03152057010553804,8.333333333333334,0.12429217950378332,0.0026714189698395785,0
80.0,0.026968244173991754,8.433333333333334,0.11813861519086745,0.0046048497179072,0
85.0,0.013386980099728735,8.1,0.1007856006949912,0.004078059006133117,0
90.0,0.017201718568941864,8.1,0.10290283328988135,0.005511219530490052,0
95.0,0.017202934708690665,8.266666666666667,0.10290452614272168,0.0055144432071756455,0
100.0,0.017219572536473732,7.566666666666666,0.10292684484217043,0.0067435011733323336,0
105.0,0.012722387103790431,7.133333333333334,0.07291380424769953,0.005259977566311136,1
110.0,0.008973237016540516,6.566666666666666,0.07597799026140283,0.0040290569013450295,1
115.0,0.008966584791434718,6.866666666666666,0.09632688469421989,0.00418291799724102,1
120.0,0.01989838302355244,6.733333333333333,0.08081264477321896,0.0037964476359775286,1
125.0,0.020804211095053666,6.966666666666667,0.08069012497015876,0.004175956899416633,1
130.0,0.019927500022217555,6.933333333333334,0.0807009750545933,0.003966264630435035,1
135.0,0.019673188938619673,6.7,0.08068761862468571,0.0032994557695928957,1
140.0,0.01613182015075886,6.9,0.07903396713063547,0.0027175584400538355,1
145.0,0.016997621947579408,6.533333333333333,0.0959889836126856,0.0015180392365437,1
150.0,0.0074946070018913225,6.6,0.07260162828564914,0.0012527217040769756,1
155.0,0.007845126407808111,6.166666666666667,0.09379283559471396,0.0015744983102194963,1
160.0,0.014372288530396939,6.566666666666666,0.09947893592925576,0.0021278102140058763,1
165.0,0.014381476579850965,6.633333333333334,0.09945466865831164,0.0019181284806109034,1
170.0,0.01400521267317314,6.633333333333334,0.09948666781750114,0.0020804151536140125,1
175.0,0.010525497893030056,6.433333333333334,0.07142437509371613,0.0010417280573165044,1
180.0,0.008777911712645175,5.9,0.09203210305549368,0.001696853301837109,1
185.0,0.014873720768375337,6.3,0.0716978612594725,0.00234077000641264,1
190.0,0.00826914888120938,5.833333333333333,0.06275689726829192,0.001094732950150501,1
195.0,0.008275852653241928,5.833333333333333,0.0627748776928901,0.0012531162647064775,1
200.0,0.01604757834216187,6.133333333333334,0.09562655470408996,0.0018915349064627662,1
205.0,0.021055266134846845,6.766666666666667,0.09556992170389639,0.002816841795720393,1
210.0,0.015454053985710802,6.966666666666667,0.0761282565098759,0.00096951647719834,1
215.0,0.011004210284752555,6.4,0.07531521173683188,0.001047695186571218,1
220.0,0.010702500777069425,6.5,0.07534784246513823,0.0013398069786489941,1
225.0,0.012958643940980615,6.866666666666666,0.09692651975872657,0.001954708219273016,1
230.0,0.0199069805668798,6.866666666666666,0.05726259775340959,0.00265479035442695,1
235.0,0.023383454633637755,6.533333333333333,0.07816318054320072,0.0041041903459699824,1
240.0,0.02299179093044964,6.4,0.07810650849058402,0.003948201912862714,1
245.0,0.023159805775243448,6.533333333333333,0.07811270785018608,0.004089494774234481,1
250.0,0.023208861706672794,6.733333333333333,0.0781100177128763,0.0038832922291476275,1
255.0,0.012250172688093792,6.533333333333333,0.0575847718811449,0.0030495756072923537,1
260.0,0.02160251308446919,6.766666666666667,0.07850245776208943,0.003817294811597094,1
265.0,0.014065514197629718,6.866666666666666,0.05755531711361783,0.002896410849643871,1
270.0,0.014797116559236413,6.5,0.05759679348635353,0.004313009703764692,1
275.0,0.015418830605180454,6.966666666666667,0.05761474468849736,0.005341940384823828,1
280.0,0.016516520670190906,6.733333333333333,0.05766289758987272,0.006388159701600671,1
285.0,0.014182533312469377,6.7,0.08816068007247081,0.007643828168511391,1
290.0,0.009020452232822556,7.066666666666666,0.06319738336864522,0.006585905444808304,1
295.0,0.020342647376755934,7.166666666666667,0.09013832056009699,0.007964168267790228,1
300.0,0.020112041073899762,7.533333333333333,0.09013990031102835,0.006761185708455741,0
305.0,0.019660970663287664,7.1,0.0901014485335849,0.0044453096052166075,1
310.0,0.019370686360039753,7.5,0.0900745254379756,0.004246353666530922,0
315.0,0.012789496977911381,7.266666666666667,0.09410752050520632,0.003980843466706574,1
320.0,0.02129343386987487,6.7,0.09443721053771785,0.005035089096054435,1
325.0,0.010524717243980698,6.8,0.06910989894231959,0.002637659868923947,1
330.0,0.011562656996764053,6.633333333333334,0.1020414869023842,0.0030835106736049056,1
335.0,0.017088567939917292,7.2,0.1136766722541415,0.005620995361823589,1
340.0,0.023283971136497626,7.533333333333333,0.1215567053491833,0.0056275001261383295,0
345.0,0.01802777410205397,7.533333333333333,0.1004439656004855,0.002688631182536483,0
350.0,0.013514084214760417,7.0,0.10008036448914344,0.002441654840367846,1
355.0,0.022764219344581928,6.566666666666666,0.12488508129275508,0.0034927441156469285,1
360.0,0.018523203381633543,7.3,0.11499563395815723,0.004855126317124814,1
365.0,0.020433873818899873,6.933333333333334,0.11018748721519636,0.0051746507233474395,1
370.0,0.01778317528046853,6.433333333333334,0.10087107556607909,0.003997161955339834,1
375.0,0.017478771619891423,6.3,0.10085843612276085,0.0031485416329815052,1
380.0,0.017354368106532948,6.733333333333333,0.10085417439642871,0.002788073063129559,1
385.0,0.008143852736333043,6.666666666666667,0.09141152836718781,0.002045421344519127,1
390.0,0.010663374183184636,6.466666666666667,0.07208503215086523,0.0021703673992305994,1
395.0,0.018503282431581336,6.166666666666667,0.08134108549340931,0.002608426584629342,1
400.0,0.019309036085146565,6.166666666666667,0.08126904263150227,0.0027059812273364514,1
405.0,0.01987759142906718,6.4,0.08126081924668484,0.0029129744798410684,1
410.0,0.019730282774325484,6.333333333333333,0.08128763520243001,0.004005197813967243,1
415.0,0.017589173033489003,6.433333333333334,0.0640036778104557,0.004032188997371122,1
420.0,0.017320893369368547,6.433333333333334,0.09778444402863118,0.004532428167294711,1
425.0,0.008063355618836802,6.766666666666667,0.07477283674847182,0.00353207704029046,1
430.0,0.008846483737447284,6.733333333333333,0.0954674851350518,0.003763768007047474,1
435.0,0.018487057187605828,6.733333333333333,0.10621552264022534,0.005509946728125215,1
440.0,0.028630340799400557,7.1,0.11163822355824242,0.006818695110268891,1
445.0,0.029849194447678636,6.966666666666667,0.11162507565929845,0.004089583409950137,0
450.0,0.027950952861472658,6.6,0.07700823227720661,0.0030782916001044214,1
455.0,0.03984078150476144,6.666666666666667,0.0903445976509178,0.010798225135658868,0
460.0,0.03437920413978895,6.766666666666667,0.07726227229239811,0.0077364712342387065,0
465.0,0.02400606178602386,6.666666666666667,0.06525441237937393,0.006008265889249742,1
470.0,0.017082156372949395,6.0,0.05623641299357151,0.004341084975749254,1
475.0,0.018559183843713894,6.066666666666666,0.0562684524672072,0.006663361680693924,1
480.0,0.02119461279182681,5.933333333333334,0.05627992985840317,0.008084308996330947,1
485.0,0.27585047240076827,5.333333333333333,0.004689823144439499,0.007710071397013962,0
490.0,0.017950591248494064,4.966666666666667,0.05635688610076558,0.007746489834971726,1
495.0,0.01726532830820309,5.2,0.05631700941817043,0.007066285994369537,1
500.0,0.01673238422683118,5.033333333333333,0.056278894746062014,0.005932431493420154,1
505.0,0.020988372516675857,4.9,0.07512594995926113,0.006639828265178949,1
510.0,0.028460103793539762,5.133333333333334,0.07520043684700876,0.007111092942068353,1
515.0,0.02881356066728612,5.4,0.0751551018756694,0.007942681841086596,1
520.0,0.017787348982325448,5.666666666666667,0.054365869527955656,0.003727637173142284,1
525.0,0.01828256775129287,5.266666666666667,0.05432344336719489,0.0050776755379047245,1
530.0,0.01953765850639409,5.566666666666666,0.05437490622446207,0.006774513749405742,1
535.0,0.021742421434046876,5.766666666666667,0.05594243973465553,0.007294403156265616,1
540.0,0.015285834275120142,5.666666666666667,0.055842725674292305,0.005794522003270686,1
545.0,0.013496067443869015,5.3,0.0558446737049917,0.004327988048316911,1
550.0,0.0196805081349765,5.633333333333334,0.07588955237530182,0.005570271547185257,1
555.0,0.024579584154162577,5.733333333333333,0.0757878340872152,0.006800489252782427,1
560.0,0.02111653468163821,6.0,0.0759659105117347,0.007177181425504386,1
565.0,0.018355257589430757,5.7,0.055776626900938465,0.005579152726568282,1
570.0,0.02206107845860476,5.8,0.05581079123309761,0.007188635936472565,1
575.0,0.025300722823304547,6.1,0.055810964248331096,0.008686234301421791,1
580.0,0.3088972781721708,5.566666666666666,0.004959328862654506,0.008237701375037432,0
585.0,0.01842437435017261,5.9,0.056191139922456446,0.008218990755267441,1
590.0,0.01907585205602661,6.433333333333334,0.05602603753718248,0.007419016154017299,1
595.0,0.01807166739978707,6.766666666666667,0.05596712139811619,0.006566945812664926,1
600.0,0.01636377373820538,6.866666666666666,0.06980974797726715,0.004831022204598412,1
605.0,0.027815405696859686,6.8,0.0751814004235974,0.005651260376907885,1
610.0,0.03732631356882395,7.433333333333334,0.08671814305667422,0.016275084286462516,0
615.0,0.02398965315539491,7.5,0.07264300095482808,0.00388874811687856,0
620.0,0.022627522931479096,6.933333333333334,0.07271501673939071,0.0033249210900976323,1
625.0,0.02260710296484809,6.733333333333333,0.0727174192024717,0.003746190828678664,1
630.0,0.019551743243941346,6.766666666666667,0.10042119227855442,0.002928957634139806,1
635.0,0.013403113694271666,6.966666666666667,0.09511419615231977,0.0016656873194733632,1
640.0,0.007451717034498032,6.266666666666667,0.07615631428859893,0.0008470961038256064,1
645.0,0.007380350241529366,5.766666666666667,0.07608856960411899,0.000977045543550048,1
650.0,0.007381759631668363,5.4,0.07609547101650481,0.0013119779687258415,1
655.0,0.01328524776724882,5.733333333333333,0.09798529209160198,0.001630317186936736,1
660.0,0.011435530031011533,5.4,0.05773120994126039,0.0023957304074428976,1
665.0,0.01072631129063602,5.366666666666666,0.08783327593073063,0.0027618980675470084,1
670.0,0.016844489917871148,6.3,0.11195737287305436,0.004846295807510614,1
675.0,0.027324328347020303,6.533333333333333,0.12174751876747518,0.006102470797486602,1
680.0,0.027343512609109027,6.8,0.121736215299784,0.006102470797486602,1
685.0,0.02032745635288328,6.633333333333334,0.10272727318019788,0.004445810744073242,1
690.0,0.027804653554759494,7.4,0.12046140496832101,0.005807220819406211,1
695.0,0.0367208511748598,7.633333333333334,0.12192398920530746,0.008598771848483011,0
700.0,0.024325487994292933,7.066666666666666,0.10607772183088172,0.005608488674624823,1
705.0,0.018201001492901554,6.9,0.1080337381087686,0.0027825564320664853,1
710.0,0.024787484416848245,7.566666666666666,0.11698167494057723,0.004384055093396455,0
715.0,0.024767043109165568,7.533333333333333,0.1169838158109039,0.0039100376307033,0
720.0,0.019106242768004187,7.1,0.09363763383237027,0.0014115975936874747,1
725.0,0.011741817876683174,6.166666666666667,0.058770420463561616,0.001495714852353558,1
730.0,0.011629416176392123,6.066666666666666,0.08855429577296628,0.002086241831420921,1
735.0,0.015518820616731672,6.166666666666667,0.0855959964122391,0.0027774394839070737,1
740.0,0.01947372339888648,6.233333333333333,0.10336698425137655,0.0034497790911700577,1
745.0,0.02010833876105238,6.233333333333333,0.10331795209403473,0.0034348063927609473,1
750.0,0.019724474700427614,5.933333333333334,0.10335418032694345,0.0037406512565212324,1
755.0,0.019824018393067473,6.3,0.10337396208961275,0.0029160470003262162,1
760.0,0.016111444958273224,6.233333333333333,0.08983598918201342,0.003557216317858547,1
765.0,0.01640459273935504,6.466666666666667,0.10256222318628475,0.003681865520775318,1
770.0,0.00929369130615741,5.966666666666667,0.07262167813264575,0.0032285167108057067,1
775.0,0.01084109157457803,5.566666666666666,0.0726637730233356,0.005595852911937982,1
780.0,0.011715211384014185,5.9,0.09513428167179463,0.007447633775882423,1
785.0,0.021622590652359715,6.166666666666667,0.09929612006469056,0.009033491311129183,1
790.0,0.016937606749901444,6.7,0.09427208023644727,0.007908614352345467,1
795.0,0.01250534514143033,6.333333333333333,0.07123418503831123,0.0047132198815234005,1
800.0,0.011087180443142327,6.3,0.07120506585117987,0.00316254034260055,1
805.0,0.010762906746118855,6.366666666666666,0.07116825163296293,0.0023617803817614913,1
810.0,0.008120163508326108,6.0,0.03197547994640685,0.0017931083784787916,1
815.0,0.007437103316107995,5.866666666666666,0.0661386853613119,0.001997129278606735,1
820.0,0.015654166090920307,5.466666666666667,0.06616074473360249,0.003096241591265425,1
825.0,0.0156660434704524,5.633333333333334,0.06613657040297327,0.003518163022818043,1
830.0,0.015823648145193134,5.766666666666667,0.06614678078495566,0.004714663024060428,1
835.0,0.015803948605469197,6.166666666666667,0.06618427307306568,0.005564386083278805,1
840.0,0.021343578028754688,6.633333333333334,0.09351797739966321,0.006268439989071339,1
845.0,0.012064036678879259,6.4,0.10167158204076218,0.004021053668111563,1
850.0,0.016903797670422393,7.133333333333334,0.10184846677482964,0.0052622423972934484,1
855.0,0.018275640887147976,7.033333333333333,0.10188493713997394,0.008033857913687825,1
860.0,0.0188007534873953,6.966666666666667,0.10190336237142947,0.009311894129496068,1
865.0,0.018257739307523984,6.4,0.12142778783253025,0.010855521773919463,1
870.0,0.019211552508012576,6.533333333333333,0.10002905202040027,0.01053444785065949,1
875.0,0.03380845661613467,6.8,0.059477898082154784,0.0097564198076725,0
880.0,0.020339089833492304,6.233333333333333,0.05905859479626338,0.005991080717649311,1
885.0,0.017008384892299253,5.966666666666667,0.05895921166371085,0.004851369914831594,1
890.0,0.010681531666152978,5.8,0.09727526916243985,0.0049924959894269705,1
895.0,0.013495142460224293,6.833333333333333,0.07484285385671428,0.004344862507423386,1
900.0,0.007707528203723237,6.433333333333334,0.07429769579243924,0.0036997630959376693,1
905.0,0.014720072284546696,6.533333333333333,0.09611107200188489,0.004873229656368494,1
910.0,0.022810324501658274,6.666666666666667,0.11181179784869162,0.006617353064939379,1
915.0,0.022567698255847243,7.166666666666667,0.11180065703529486,0.005772136268205941,1
920.0,0.02216094583820477,7.366666666666666,0.07754031298892253,0.004130109533434734,1
925.0,0.02286036953980061,6.566666666666666,0.08350993399804275,0.0035220483459852403,1
930.0,0.03243856299461363,7.0,0.09118825044603189,0.008928323427426221,0
935.0,0.028638418084436613,7.1,0.09216336017125362,0.008034457409394236,1
940.0,0.027384632879305905,7.433333333333334,0.10874788306519259,0.0049280294952041,1
945.0,0.027253768566327437,7.466666666666667,0.10878250284773539,0.004697137308539823,0
950.0,0.027253768566327437,7.466666666666667,0.10877748927658228,0.004698244680184871,0
955.0,0.02009541719761736,7.166666666666667,0.10295308933156488,0.003031477564945817,1
960.0,0.012867866801915595,6.6,0.09247245900138669,0.0021446648170240223,1
965.0,0.01822757902457648,6.833333333333333,0.09238442520444376,0.002182967495173216,1
970.0,0.01761344261560581,6.333333333333333,0.07778307195120368,0.0024861469282768667,1
975.0,0.024167870415420054,6.466666666666667,0.07773210973388998,0.004033376360894181,1
980.0,0.024340969050264692,6.4,0.07773535608209915,0.004222094226861373,1
985.0,0.02492176079363721,6.6,0.07768703703177975,0.004439389405888505,1
990.0,0.024144529729451795,7.033333333333333,0.07769366876769071,0.005648426478728652,1
995.0,0.014582405426725972,6.666666666666667,0.09402055789687755,0.005371973617002368,1
1000.0,0.011574703582053751,6.833333333333333,0.07237710631511515,0.006015007209498435,1
1005.0,0.010257681508131293,6.4,0.0723482742243041,0.006923566746991128,1
1010.0,0.011564060057835309,6.333333333333333,0.07236554137395701,0.008247368910815567,1
1015.0,0.01517762076862911,6.833333333333333,0.09372895217026578,0.010203852434642613,1
1020.0,0.017541911668621395,6.966666666666667,0.10958867175685798,0.01153182634152472,1
1025.0,0.02525339457339546,6.933333333333334,0.07667067640028682,0.010462775302585214,1
1030.0,0.021089945663283,6.466666666666667,0.07646604552877953,0.007607349893078208,1
1035.0,0.01935695437723551,6.333333333333333,0.07644289443270698,0.0061246397672221065,1
1040.0,0.03128879831870832,6.8,0.08973389216363441,0.008012062491616234,0
1045.0,0.03512069140600298,6.866666666666666,0.09233395705732118,0.007916819442471024,0
1050.0,0.03256198793060533,6.866666666666666,0.10918986507137593,0.005638041591737419,0
1055.0,0.027011350008878818,7.433333333333334,0.10921885997231227,0.005294801638228819,1
1060.0,0.027248650973244245,7.566666666666666,0.1092131604169252,0.005296080838888884,0
1065.0,0.027792472570962744,7.766666666666667,0.10919702142874475,0.00534869110560976,0
1070.0,0.020615174535729575,7.2,0.09383808195159593,0.0053256436076480895,1
1075.0,0.019908859523722865,6.866666666666666,0.09670368494264385,0.005458204948808998,1
1080.0,0.020783446755144565,6.833333333333333,0.09398310622710045,0.00482736382400617,1
1085.0,0.020835271118298856,6.366666666666666,0.0939820006301678,0.005681343958713114,1
1090.0,0.03259230430579334,6.733333333333333,0.10949496972643276,0.00763295404613018,0
1095.0,0.03237204053056024,6.866666666666666,0.10949880185507675,0.007761754910461605,0
1100.0,0.032843950521914064,6.633333333333334,0.10949142728261875,0.004891934106126427,0
1105.0,0.03481188208484824,7.0,0.09033370103658345,0.011790763048338702,0
1110.0,0.029369125854938342,6.733333333333333,0.07600189995210185,0.005705932984710671,1
1115.0,0.04695128248793836,6.866666666666666,0.08687183734040495,0.016202433471335098,0
1120.0,0.029440299353712198,6.866666666666666,0.07280465879753507,0.006128537250333466,1
1125.0,0.030359929410461953,7.1,0.07283844061367274,0.006701324513414875,0
1130.0,0.030386753607773986,7.5,0.07286639620988648,0.007248204026836902,0
1135.0,0.025054449472711158,6.733333333333333,0.05251633704000481,0.004839067434659228,1
1140.0,0.016179925453283363,6.466666666666667,0.05138049318111801,0.005022296303650364,1
1145.0,0.0038011335499434154,5.833333333333333,0.07111122082168013,0.00515912426635623,1
1150.0,0.010158671906076163,6.0,0.07131575598832493,0.006532365630846471,1
1155.0,0.011285216044757325,5.466666666666667,0.07135080550911917,0.008296676620375365,1
1160.0,0.012686926483494313,5.633333333333334,0.07137016816937336,0.009717001928947866,1
1165.0,0.014566915118050465,5.933333333333334,0.07138441109630643,0.01021117193158716,1
1170.0,0.014083524998928856,6.066666666666666,0.07139284549432348,0.009913244051858783,1
1175.0,0.01256187944359083,6.4,0.06690655467474427,0.009638603078201413,1
1180.0,0.01862042741539789,6.2,0.07069439197663667,0.009667889564298093,1
1185.0,0.017353750616455298,6.2,0.07067543834700007,0.008104880922473967,1
1190.0,0.016025951817288945,6.133333333333334,0.07066746473184811,0.0063067200244404376,1
1195.0,0.0261042778561301,6.766666666666667,0.09668048751484602,0.006103062245529145,1
1200.0,0.028035891459192053,6.966666666666667,0.09664555255375161,0.007225378911243752,1
1205.0,0.032144469246711924,7.066666666666666,0.07334775017956047,0.008435329917119816,0
1210.0,0.031553522686432696,7.033333333333333,0.06984685856969666,0.009571843547746539,0
1215.0,0.03759791398511561,7.466666666666667,0.06992462930639881,0.013576912111602724,0
1220.0,0.043629452644827836,7.733333333333333,0.06992979881941679,0.01565564703196287,0
1225.0,0.3014366188986824,7.4,0.008173429156789607,0.01444857835303992,0
1230.0,0.024825741141066254,7.4,0.07283894501199975,0.01392701140139252,1
1235.0,0.026243230556525055,7.8,0.07292365984785595,0.012403953354805708,0
1240.0,0.019115367666964304,7.6,0.0726895877131328,0.011115765781141818,0
1245.0,0.016928452172994303,7.233333333333333,0.09662390821404748,0.010672495467588305,1
1250.0,0.016950226466634598,7.2,0.09658996090898614,0.008611051365733147,1
1255.0,0.02473408390029489,7.0,0.11206209781929628,0.009515106794424355,1
1260.0,0.02295691705763193,6.8,0.07977016992191384,0.006020177621394396,1
1265.0,0.021943857912419193,6.033333333333333,0.07979170429097643,0.004853509075473994,1
1270.0,0.03155439150351528,6.366666666666666,0.0915122181573239,0.011250777359236961,0
1275.0,0.028013775444842518,6.433333333333334,0.07523439778502496,0.0069023664109408855,1
1280.0,0.02455243267386325,5.933333333333334,0.07536215677372714,0.007398921821732074,1
1285.0,0.01533892608720562,5.966666666666667,0.05395008825651452,0.004582628112984821,1
1290.0,0.016193531415151452,5.766666666666667,0.05393522029846556,0.006108765082899481,1
1295.0,0.016259109094360902,6.066666666666666,0.06003991504861379,0.007542251376435161,1
1300.0,0.02040611551193324,6.133333333333334,0.055580279520606,0.007067062659189105,1
1305.0,0.01407377169511441,6.4,0.05561673522383493,0.00566197611624375,1
1310.0,0.012806465834291033,6.533333333333333,0.055600870683853366,0.004196258523734286,1
1315.0,0.026064629550542336,6.433333333333334,0.07578186916961134,0.006152522168122232,1
1320.0,0.026497370491861707,7.0,0.0756809525376765,0.007101576891727745,1
1325.0,0.022550868432506994,6.766666666666667,0.07170849568632491,0.00658201434998773,1
1330.0,0.015704676691031944,6.266666666666667,0.05578729840817522,0.0042626184585969895,1
1335.0,0.018406929917096717,5.733333333333333,0.055811483987898466,0.006924078043084592,1
1340.0,0.0238627048883924,6.266666666666667,0.0794542725197815,0.009019368793815374,1
1345.0,0.022500620306642048,6.8,0.06046616217313545,0.008368288923520595,1
1350.0,0.021433453713961347,6.233333333333333,0.060604640378638774,0.008826619479805231,1
1355.0,0.02176407750717156,6.7,0.08023451426514246,0.008933139324653894,1
1360.0,0.022463534023324093,6.7,0.08011991412276162,0.0075297883013263345,1
1365.0,0.02180157047325005,7.366666666666666,0.11258935319077565,0.009276591648813337,1
1370.0,0.022116439638611513,7.233333333333333,0.1186534571339179,0.010112039395608008,1
1375.0,0.020788772953670546,7.133333333333334,0.11852745341471892,0.007694806903600693,1
1380.0,0.019878265653209024,7.333333333333333,0.11851355561607609,0.004600306274369359,1
1385.0,0.012994885509762558,7.166666666666667,0.09933917365298822,0.0027559331065276633,1
1390.0,0.012990631348747117,7.233333333333333,0.09929198575751885,0.0030392652843147516,1
1395.0,0.017026239573432404,6.8,0.09790072351595665,0.0026691657403716817,1
1400.0,0.021816732202135827,6.466666666666667,0.09844851292828662,0.0026542812411207706,1
1405.0,0.04023209469394466,6.4,0.1231106502829023,0.003153454512357712,0
1410.0,0.049356310496691036,6.8,0.14025762654481488,0.005190726718865335,0
1415.0,0.05000426260482083,7.2,0.14030778035073493,0.005865916959010065,0
1420.0,0.04991387423908109,7.533333333333333,0.14030353450314118,0.005865916959010065,0
1425.0,0.032645405401082433,7.8,0.12318386499135985,0.0038046767003834248,0
1430.0,0.032452079461367335,8.166666666666666,0.11400505701476364,0.0029419027850963175,0
1435.0,0.029953672173782152,8.366666666666667,0.10689679274003691,0.002759276219876483,0
1440.0,0.027218662781988697,8.7,0.11621352110635035,0.0025465073995292187,0
1445.0,0.02734064284382851,8.333333333333334,0.11617171740809694,0.00242066103965044,0
1450.0,0.02734064284382851,8.033333333333333,0.11616582870382361,0.00242066103965044,0
1455.0,0.030108231275888478,8.1,0.13261590286461397,0.005798616213724017,0
1460.0,0.035426204668702214,7.8,0.1153443637799829,0.0069746695589856245,0
1465.0,0.02503359177086246,6.9,0.09670505204562688,0.005198024715355132,1
1470.0,0.020337265127121286,6.033333333333333,0.0680684365772272,0.004504508338868618,1
1475.0,0.020322422803883286,5.666666666666667,0.06812660849313322,0.006598147039767355,1
1480.0,0.02058984220925728,5.533333333333333,0.06815413406084768,0.007715073996223509,1
1485.0,0.18345203609165203,4.9,0.00641496584723979,0.007302325218915939,0
1490.0,0.21579114554168247,4.5,0.004006341261281054,0.00644936686148867,0
1495.0,0.0053017616042330355,4.7,0.06631532321787767,0.0063126654131338,1
1500.0,0.012356296687134746,5.366666666666666,0.06636346854187063,0.0057009890442714095,1
1505.0,0.012161413452062559,5.533333333333333,0.06634140916739095,0.0044249805505387485,1
1510.0,0.01190828571459563,5.333333333333333,0.06628727661903458,0.0028434550476958975,1
1515.0,0.012008907840679406,5.666666666666667,0.06626070806816663,0.0029040897206868976,1
1520.0,0.02026897665583624,6.0,0.09288039849713442,0.003599618648877367,1
1525.0,0.011465977243380008,6.466666666666667,0.06873546690109728,0.0022038914321456105,1
1530.0,0.007539787714549898,5.6,0.06866802149267466,0.002318772516446188,1
1535.0,0.007543088411931689,5.033333333333333,0.06864077831082212,0.0022313270601443946,1
1540.0,0.007535313076419645,5.4,0.06866795724860048,0.003043710021302104,1
1545.0,0.007535262333944774,5.433333333333334,0.06868777921476184,0.002884676301619038,1
1550.0,0.0034482792789159327,5.2,0.06436309546053068,0.002935558062745258,1
1555.0,0.01632393576373198,5.1,0.07397346722585314,0.003749053255887702,1
1560.0,0.01797862398305294,5.6,0.07401085215887103,0.004595624923240393,1
1565.0,0.01834689954174034,5.733333333333333,0.07406501741911754,0.005672381957992911,1
1570.0,0.018358104151612795,5.4,0.07409315930306144,0.006302807538304478,1
1575.0,0.018497545814569763,5.366666666666666,0.0740793326512755,0.006811364379245788,1
1580.0,0.025796137492859895,5.566666666666666,0.03811541240356964,0.006544670031871647,1
1585.0,0.008430185775379392,5.433333333333334,0.07032495988285184,0.006393898802343756,1
1590.0,0.007412150310728634,5.633333333333334,0.07024185191573179,0.004868873627856374,1
1595.0,0.007415008705268721,6.266666666666667,0.07020071877550849,0.0036903419240843505,1
1600.0,0.007417919510937052,7.5,0.07017033234461369,0.0015874111704761162,0
1605.0,0.00741872289402713,7.4,0.07015728950733109,0.0008876711503944534,1
1610.0,0.007417869305271174,7.466666666666667,0.07016771919538131,0.0003335328974571894,0
1615.0,0.0247545928991053,7.166666666666667,0.0006023706583354948,0.00024967735498648835,1
1620.0,0.014949913725852193,6.833333333333333,0.06645661890075848,0.0001747285432429635,1
1625.0,0.014872022648815188,7.9,0.06647101635720745,0.00015824127967789536,0
1630.0,0.014878640355181097,7.166666666666667,0.06647693518083447,0.0003570674089132808,1
1635.0,0.014663590511039661,7.0,0.06647969908519251,0.0005711890626116656,1
1640.0,0.00922416919733601,7.266666666666667,0.0925636620821298,0.001593031709489878,1
1645.0,0.014425499265870138,7.866666666666666,0.0927941637691124,0.0026044767873827364,0
1650.0,0.008016984912466657,7.8,0.06833013303312677,0.0020521050464594737,0
1655.0,0.007924786191721597,6.066666666666666,0.10001425329362312,0.0028253685450181365,1
1660.0,0.01739959896895492,6.3,0.11997380800823665,0.003915165376383811,1
1665.0,0.027143640209496965,6.8,0.12230688664393849,0.004558922577416524,1
1670.0,0.027819757576903286,6.866666666666666,0.12238720830551797,0.005205988010857254,1
1675.0,0.03568217740973571,6.6,0.13641724145015624,0.006640593695919961,0
1680.0,0.03573737787441656,7.0,0.1364216337481525,0.007099068723618984,0
1685.0,0.03033877759908842,7.3,0.11093339295656021,0.006168343767058104,0
1690.0,0.026180275199044253,6.766666666666667,0.07844177684787791,0.004437416617292911,1
1695.0,0.015026212245105457,6.333333333333333,0.07608630069186997,0.004038639308419079,1
1700.0,0.021808959780692274,5.9,0.07726176952753633,0.0043688248842954636,1
1705.0,0.012789394839925767,5.933333333333334,0.05983719627188441,0.004209994920529425,1
1710.0,0.022371320766031724,5.8,0.07772777930375084,0.004905316105578094,1
1715.0,0.022473044587016273,6.1,0.07773245222668249,0.0049594949232414365,1
1720.0,0.022356415274049128,5.9,0.07768495256516117,0.004221577546559274,1
1725.0,0.022404496091465397,5.966666666666667,0.07760358802290905,0.004009833195596002,1
1730.0,0.01242420147542128,5.9,0.05884740397430902,0.00411976219038479,1
1735.0,0.017483683510494626,5.9,0.09183098904136675,0.0044693665113300085,1
1740.0,0.025277286214574465,5.866666666666666,0.09810314313873003,0.004695616604294628,1
1745.0,0.025410271559983506,5.966666666666667,0.09803590800329873,0.004487757134484127,1
1750.0,0.025397678304347766,5.766666666666667,0.0980237210540555,0.0039956088294275105,1
1755.0,0.02533824580324834,5.6,0.0979970518118157,0.003138788277283311,1
1760.0,0.021076675199301904,5.733333333333333,0.1025440377451768,0.0027161366160726175,1
1765.0,0.015165459475552843,5.7,0.10253436724737743,0.0031230138556566085,1
1770.0,0.012765297456530688,5.666666666666667,0.100211469085489,0.003105419615167193,1
1775.0,0.012767338547173188,5.5,0.10022224902007032,0.003377009299583733,1
1780.0,0.012985275571960168,5.733333333333333,0.10022872758071076,0.0038105302664916962,1
1785.0,0.013282912577676852,5.733333333333333,0.10021214746911206,0.004245033953338861,1
1790.0,0.010958277159104784,5.833333333333333,0.10962210546079679,0.004735957714729011,1
1795.0,0.013009911316927938,6.033333333333333,0.10926935168157105,0.0045567655470222235,1
1800.0,0.02329366665147455,5.966666666666667,0.10055645267213861,0.004773314518388361,1
1805.0,0.02271788782995756,6.2,0.10056378372038234,0.00651008274871856,1
1810.0,0.02255931574296793,6.2,0.10053741532454015,0.0073642037459649146,1
1815.0,0.022658465141828177,5.966666666666667,0.10053616034860612,0.0073467803886160254,1
1820.0,0.018499980932141693,6.0,0.10680024005111233,0.007816883095074445,1
1825.0,0.021726845525719057,5.733333333333333,0.10550166635626783,0.008133095514494926,1
1830.0,0.022652686244282277,5.933333333333334,0.09900718641477317,0.006935141165740788,1
1835.0,0.021707034634880232,5.8,0.09900316308744496,0.00515486000222154,1
1840.0,0.021439035809888117,5.866666666666666,0.099013706679491,0.0030908834505680716,1
1845.0,0.021295839069326528,6.566666666666666,0.09901884025989624,0.0022215270219021477,1
1850.0,0.026725194703349314,6.7,0.10754001614097121,0.0014194918767316267,1
1855.0,0.017552792196167694,6.933333333333334,0.1146243733381611,0.0021840701156179416,1
1860.0,0.016533328332057933,7.2,0.11210786133719002,0.001738534163450822,1
1865.0,0.024786693916586635,7.233333333333333,0.13136880593100708,0.002423288326099282,1
1870.0,0.038783059069047186,8.133333333333333,0.15180848128899238,0.005803804029710591,0
1875.0,0.05747401261039747,8.1,0.16785105832883948,0.012587648583576083,0
1880.0,0.044368563790518616,8.133333333333333,0.14938728704563956,0.014109778334386647,0
1885.0,0.04871500414116982,8.3,0.14221253727168146,0.01548268471378833,0
1890.0,0.048612894625625784,7.933333333333334,0.14219088537548155,0.014345621457323432,0
1895.0,0.052417736360200064,8.366666666666667,0.14208595424803042,0.020124751841649413,0
1900.0,0.039182375475006345,7.966666666666667,0.12364313561624096,0.01069689670111984,0
1905.0,0.030853172367704074,8.133333333333333,0.12441678922995919,0.01024486927781254,0
1910.0,0.033374145985765026,8.566666666666666,0.12456021400888659,0.006834780040662736,0
1915.0,0.022575879563625483,7.9,0.1112445963542611,0.003610228930483572,0
1920.0,0.03182198808249436,7.8,0.13154943083781898,0.005016286944737658,0
1925.0,0.029517402992560036,7.6,0.10845657031812773,0.006364735017996281,0
1930.0,0.04102893716711899,7.6,0.12242935564284227,0.008832483494188637,0
1935.0,0.03294915436222249,7.3,0.09802271635803349,0.006611982127651572,0
1940.0,0.0369279482077456,6.866666666666666,0.12316112371596682,0.008537694928236306,0
1945.0,0.042303663086770076,7.133333333333334,0.12315765055378333,0.01009194616926834,0
1950.0,0.031077079013022462,6.566666666666666,0.12084256841183234,0.009226597612723708,0
1955.0,0.035058250674400764,6.9,0.12439910862523003,0.007315830007428303,0
1960.0,0.023356723013545782,7.166666666666667,0.11086067487734104,0.004659355836338364,1
1965.0,0.024106924962279355,7.2,0.13115728524349088,0.005226967652561143,1
1970.0,0.03305716498684993,7.2,0.10837888129842649,0.00664315270842053,0
1975.0,0.03077020230736378,7.433333333333334,0.12200262032094056,0.008979776786873117,0
1980.0,0.03899798896466432,8.233333333333333,0.10318780302536683,0.008174411428626627,0
1985.0,0.029915453220135245,7.733333333333333,0.12015064232732021,0.007992612110683694,0
1990.0,0.04029655031594779,7.9,0.1226886977005999,0.01008126063970849,0
1995.0,0.043509139060514936,8.133333333333333,0.12515382269594266,0.010404101107269526,0
2000.0,0.03298536126167007,8.2,0.14096089324655,0.006789427017793059,0
2005.0,0.038152485761143336,8.0,0.1442270374582531,0.006654339726082981,0
2010.0,0.03904645638090116,8.433333333333334,0.14638323375108162,0.006546562537550926,0
2015.0,0.0442824527302473,8.666666666666666,0.13719054431012953,0.01840933901257813,0
2020.0,0.04066597792629317,8.4,0.1333525190830131,0.019429749809205532,0
2025.0,0.04930296732715219,8.133333333333333,0.10010086825582926,0.017373130191117525,0
2030.0,0.0532675361615465,8.633333333333333,0.10235215160912639,0.018333459505811334,0
2035.0,0.03844150035019551,8.566666666666666,0.08915619235736587,0.009221601794706658,0
2040.0,0.044772867288321375,8.4,0.09618751007261407,0.0139706703776028,0
2045.0,0.03514330653733776,8.266666666666667,0.08118955977624918,0.006605499656870961,0
2050.0,0.02247380026441928,7.933333333333334,0.0810757050528737,0.00293809541472001,0
2055.0,0.02151100561459584,8.133333333333333,0.0909620559706699,0.003217900673917029,0
2060.0,0.03567733977170456,7.933333333333334,0.07344916294083033,0.002550974411860807,0
2065.0,0.031100668516970412,8.166666666666666,0.07139531619185875,0.0019866526417899877,0
2070.0,0.03633950165913438,8.033333333333333,0.07384229682423085,0.002257139887660742,0
2075.0,0.02884810854298436,8.166666666666666,0.09215553937956852,0.005470725998748094,0
2080.0,0.04150228708625282,8.466666666666667,0.1257858593880311,0.014438510785112157,0
2085.0,0.055103577812303406,8.6,0.1247388280666439,0.024613115718238987,0
2090.0,0.049192222501561446,8.433333333333334,0.1243722711930507,0.01893585627840366,0
2095.0,0.05477916672755116,8.166666666666666,0.13528605314270728,0.10069138447579462,0
2100.0,0.05902384111453192,7.933333333333334,0.1554560180356166,0.0236390046775341,0
2105.0,0.060486015312562036,8.0,0.16304937156109794,0.02376407361589372,0
2110.0,0.054965492159331115,7.6,0.14339380306036584,0.017741477116942406,0
2115.0,0.05133313563191505,7.666666666666667,0.14494321183461273,0.015860904240980744,0
2120.0,0.05088670292691261,7.866666666666666,0.14490344040819342,0.014067491749301553,0
2125.0,0.0541653226497556,8.333333333333334,0.14460283796189652,0.01815558667294681,0
2130.0,0.03844722337849986,8.6,0.1416103936640389,0.017358546174364164,0
2135.0,0.03477343102117717,8.533333333333333,0.12374300286545735,0.00929035508306697,0
2140.0,0.03793198411984083,8.833333333333334,0.14327041033023716,0.007335408532526344,0
2145.0,0.037527032199807187,8.5,0.1454332578887904,0.006985469721257687,0
2150.0,0.037178106635275106,9.066666666666666,0.14543514240904834,0.007272300776094198,0
2155.0,0.029148423643946486,8.033333333333333,0.11917259882593946,0.005040222080424428,0
2160.0,0.03384050816640889,8.3,0.1208709460636555,0.005879362404812127,0
2165.0,0.029593758238387235,8.633333333333333,0.13936626042756567,0.005516406148672104,0
2170.0,0.03172903222687074,8.933333333333334,0.12438118827385462,0.005359467817470431,0
2175.0,0.020203021414950232,8.833333333333334,0.10418284248288606,0.003671608166769147,0
2180.0,0.03097705430647376,8.2,0.11953372693730197,0.0041761635220609605,0
2185.0,0.03130526101423767,8.6,0.11942305613208778,0.003934623418899719,0
2190.0,0.01699285174454392,7.866666666666666,0.09264561441202922,0.003805191852734424,0
2195.0,0.013364000924057167,7.433333333333334,0.0922444583804024,0.0045271600829437375,1
2200.0,0.01731371079677636,7.266666666666667,0.09128340073101716,0.005058656679466367,1
2205.0,0.01319183659660836,7.433333333333334,0.09129482212817688,0.0050856957386713475,1
2210.0,0.011721544251071657,7.166666666666667,0.0884188894915632,0.003997800115030259,1
2215.0,0.01746118141898805,7.7,0.09449597669973514,0.004388498637126759,0
2220.0,0.017316026480952908,8.033333333333333,0.09446101668721155,0.002875077057979069,0
2225.0,0.01173193029706685,7.433333333333334,0.07084769083391015,0.0016899028414627535,1
2230.0,0.008251027320487936,7.333333333333333,0.09601949711564478,0.0016069112825789489,1
2235.0,0.016973818526768866,7.5,0.09627908604859238,0.001887303795228945,0
2240.0,0.015784738733578437,7.266666666666667,0.07739351581206824,0.0012892810336779803,1
2245.0,0.01736456905707786,7.333333333333333,0.09339111638620302,0.0013072287838440388,1
2250.0,0.017638770610297217,7.1,0.09335499546514567,0.003218412668502424,1
2255.0,0.01830464187593911,7.633333333333334,0.09339415141679838,0.004412058406160213,0
2260.0,0.015531893116033797,7.266666666666667,0.09161080069365969,0.004773722437676042,1
2265.0,0.018694292945663618,7.0,0.0915423132681716,0.005173848941922188,1
2270.0,0.014132634390292905,7.366666666666666,0.11641118403423067,0.005795606441097334,1
2275.0,0.018040032869344032,7.1,0.10255590520862558,0.005166297865798697,1
2280.0,0.029480831868080908,7.466666666666667,0.12685151298791697,0.006753477675374597,0
2285.0,0.03274328290003933,7.566666666666666,0.14342348749853434,0.006040946551365778,0
2290.0,0.03678145165210764,7.8,0.15124932333431818,0.006835461332229897,0
2295.0,0.044720495980803784,8.1,0.16691799951998937,0.00785679230466485,0
2300.0,0.04585330449612224,8.4,0.15103845730840348,0.013083492638543248,0
2305.0,0.04755342153967924,8.266666666666667,0.15845418729044053,0.023820183938369155,0
2310.0,0.03993979092880977,8.466666666666667,0.132718158653755,0.016935691703110933,0
2315.0,0.043627963254867334,8.266666666666667,0.13089058334303977,0.026564538944512606,0
2320.0,0.04802888183619218,8.666666666666666,0.09640701583172603,0.01777329378091963,0
2325.0,0.05024785408219807,8.1,0.07701384282448138,0.005205386667512357,0
2330.0,0.034516593878280925,7.666666666666667,0.07352767825269227,0.004102672086446546,0
2335.0,0.021461156690246452,7.6,0.07546493604715056,0.004265776355168782,0
2340.0,0.036448671598703485,7.466666666666667,0.09473715467891015,0.006782204902265221,0
2345.0,0.02329878506203237,8.066666666666666,0.11477176911494184,0.006201684474945068,0
2350.0,0.03036660182829459,7.933333333333334,0.11922640983571484,0.007124774740077555,0
2355.0,0.03789913306869486,8.533333333333333,0.13261896524152367,0.010730724839959294,0
2360.0,0.05362420291574159,8.8,0.15660133816246277,0.02100053709000349,0
2365.0,0.05449258689172822,9.133333333333333,0.16466878968018006,0.014614595100283623,0
2370.0,0.05831307255046714,9.0,0.16681040946188364,0.014131783274933696,0
2375.0,0.05453601424770498,9.233333333333333,0.15237953321483225,0.016899648122489452,0
2380.0,0.04560693198794074,8.533333333333333,0.1500489388215665,0.015212166821584105,0
2385.0,0.05672455407531345,8.3,0.150253831474498,0.017916730139404535,0
2390.0,0.05388439498637875,7.966666666666667,0.15090906376579527,0.01633671158924699,0
2395.0,0.052796498811409874,8.133333333333333,0.15342152129467496,0.015526044415310025,0
2400.0,0.04427981035788299,8.366666666666667,0.14658081824436012,0.015139756025746466,0
2405.0,0.052849119552618465,7.833333333333333,0.14671464831296277,0.012636902276426554,0
2410.0,0.05487553013754331,7.933333333333334,0.1472275205305467,0.009181022178381681,0
2415.0,0.045898591612538404,8.066666666666666,0.13859212825916856,0.008732786620385014,0
2420.0,0.029059225969844848,7.9,0.12016389840577059,0.005305174956447445,0
2425.0,0.019413042700287188,7.233333333333333,0.09365243445501202,0.003956851753173396,1
2430.0,0.019707210607533766,7.233333333333333,0.09148428745233066,0.004578254069201648,1
2435.0,0.023309261894916295,7.033333333333333,0.09144416756084058,0.0048411504831165075,1
2440.0,0.019031430792390273,7.266666666666667,0.0905352717595219,0.004616588761564344,1
2445.0,0.0120241929668017,6.633333333333334,0.09352221821992769,0.003750551666598767,1
2450.0,0.021230127380986726,7.033333333333333,0.09535475314807343,0.004241869901306927,1
2455.0,0.021125168410077475,7.433333333333334,0.09532628315440317,0.0027469933993415907,1
2460.0,0.01277126296211924,7.033333333333333,0.07212361074683384,0.0014886855497024953,1
2465.0,0.01617318595581052,6.9,0.096173631166518,0.0015679397256462833,1
2470.0,0.024321396305734856,6.9,0.0963217562634287,0.0018803375423885882,1
2475.0,0.02336879263727699,7.1,0.07445277342556825,0.0013747485281783154,1
2480.0,0.021122962009258683,7.3,0.09237700609326457,0.001528005195723381,1
2485.0,0.0359208085893348,7.6,0.12222810406226013,0.0048073394209495746,0
2490.0,0.03649472234394639,7.8,0.1221232911758888,0.007936114532640204,0
2495.0,0.025129152817630576,8.1,0.10651051024214613,0.006802998192142695,0
2500.0,0.022462073884563286,8.0,0.10637786867240993,0.008045193448197097,0
2505.0,0.02584916568308303,8.3,0.12325945495180858,0.010959777631796896,0
2510.0,0.024539959549619683,8.1,0.10673450199221844,0.00849899323657155,0
2515.0,0.019268938157428337,7.333333333333333,0.0767682448511566,0.008101302664726973,1
2520.0,0.025811616555625656,7.466666666666667,0.09622962872020238,0.006509788741823286,0
2525.0,0.03759280404794725,7.333333333333333,0.09752508535665096,0.006213055719854309,0
2530.0,0.03820890822150612,7.9,0.09748536481262743,0.005359133589081466,0
2535.0,0.03777713971151867,7.9,0.0973367547934908,0.004906905989628285,0
2540.0,0.044615849371042016,7.6,0.10892365975034497,0.06341729321866296,0
2545.0,0.04247559373707815,8.133333333333333,0.10143010171438523,0.007995634325197898,0
2550.0,0.044712129039301364,8.033333333333333,0.09685624313845288,0.008688243120559491,0
2555.0,0.04404264040631189,8.3,0.10836794264651464,0.08603954064892606,0
2560.0,0.04091506263772348,8.1,0.1425359870241907,0.08663352672010662,0
2565.0,0.034141470216118845,8.1,0.1331435145164235,0.011186957941390574,0
2570.0,0.02662641696761622,8.1,0.12003731515755042,0.004528943536570296,0
2575.0,0.03036929534878522,7.666666666666667,0.13295438462365633,0.010780509648611769,0
2580.0,0.03788982623478054,7.7,0.1343424044117387,0.011104914883617312,0
2585.0,0.0264382415486487,7.7,0.12043260478870414,0.0071548632986377925,0
2590.0,0.027544626146397713,7.6,0.0830550419428107,0.008629909221781418,0
2595.0,0.026895811168170993,7.366666666666666,0.08306329992735074,0.007806173583958298,1
2600.0,0.02480724610195035,7.333333333333333,0.11985503191298083,0.01086410612333566,1
2605.0,0.024944985765531304,7.866666666666666,0.10324148998026675,0.008815806941129267,0
2610.0,0.01921387745132075,7.866666666666666,0.10319441356757499,0.008551868435461074,0
2615.0,0.01736169648758623,7.433333333333334,0.10305702877281435,0.006257502245716751,1
2620.0,0.02972453769625568,7.4,0.11879713282667602,0.005482222404680215,0
2625.0,0.029860860029962275,7.466666666666667,0.11913860021161765,0.005495828052517027,0
2630.0,0.034664110770875126,7.333333333333333,0.09665995609576465,0.02952899168303702,0
2635.0,0.0647250805564782,7.033333333333333,0.09691626759452597,0.047151895734714344,0
2640.0,0.06589233288017826,6.866666666666666,0.07561651568412274,0.022651147868600674,0
2645.0,0.06615625189986829,7.266666666666667,0.0941342928700758,0.04062325204722583,0
2650.0,0.08040270833197115,7.366666666666666,0.08409526291930972,0.055135551607236266,0
2655.0,0.12191859024051181,8.066666666666666,0.08741870480849029,0.08109061908908188,0
2660.0,0.06870354535338037,8.433333333333334,0.08342452383586718,0.027107800589874383,0
2665.0,0.03291837861398268,8.5,0.08298492223242014,0.013732685794821009,0
2670.0,0.024708290239402974,8.466666666666667,0.08270515688980115,0.012705149449175222,0
2675.0,0.03522065658394127,8.533333333333333,0.10777262136189927,0.016567575396038592,0
2680.0,0.03231741353338005,8.4,0.09970406777624544,0.060461402841610834,0
2685.0,0.05025504753862198,8.066666666666666,0.09662459732410736,0.03817513686954044,0
2690.0,0.056037779881238696,7.966666666666667,0.09682950431067318,0.04036411480046809,0
2695.0,0.06770480264542293,7.933333333333334,0.09952765024800778,0.0522901521762833,0
2700.0,0.09885608000235724,7.7,0.11522395028298603,0.07651695294771343,0
2705.0,0.0996617635452539,8.1,0.0945194163740978,0.07413204689510167,0
2710.0,0.07496259808052788,8.766666666666667,0.10375943017866873,0.12036885623820126,0
2715.0,0.06018266520825323,9.033333333333333,0.11161294824544357,0.12487809523008764,0
2720.0,0.06488807982329436,9.366666666666667,0.11535482312236897,0.12412741337902844,0
2725.0,0.06212122994353521,9.7,0.10959783858065819,0.03496823087334633,0
2730.0,0.1790261988600314,10.466666666666667,0.04981757760947514,0.03086758777499196,0
2735.0,0.41272335082396977,9.933333333333334,0.02318984565836787,0.03240487165749073,0
2740.0,0.05808463987643987,9.266666666666667,0.12359577533490129,0.042175836861133575,0
2745.0,0.05015439706439629,8.8,0.12624206231880708,0.13696742914908097,0
2750.0,0.032414075563751775,8.5,0.12568187209156392,0.1265886122127995,0
2755.0,0.018168701263516596,8.066666666666666,0.12204175829840339,0.10781525948550552,0
2760.0,0.024595903305394174,8.233333333333333,0.14216761928401175,0.005933014617767185,0
2765.0,0.018328268659582612,8.333333333333334,0.13140618742531399,0.004799666930921376,0
2770.0,0.01972116421927428,8.9,0.0850065937706709,0.005917280912399292,0
2775.0,0.028439546319982884,8.8,0.08487596510244395,0.012232121109263971,0
2780.0,0.028894756824047362,8.733333333333333,0.0852007436678439,0.012597312626894563,0
2785.0,0.034787368550871424,9.033333333333333,0.11988355255804835,0.02044355042744428,0
2790.0,0.02786387820035913,8.433333333333334,0.08935221789725739,0.013178959372453392,0
2795.0,0.022314871249152442,8.1,0.08935751562923401,0.011728682671673596,0
2800.0,0.02363390567849578,7.6,0.09501159476092215,0.012521446857135743,0
2805.0,0.02783552352498304,7.666666666666667,0.09931996542119265,0.012529394531156868,0
2810.0,0.023243781222117454,7.933333333333334,0.09904685618498699,0.01233757211593911,0
2815.0,0.03107102441573948,8.033333333333333,0.049496552528728956,0.009755445527844131,0
2820.0,0.026785013440109876,7.833333333333333,0.049411705088867296,0.008752647787332535,0
2825.0,0.02923555633263919,8.4,0.09589204579485541,0.008836014720145613,0
2830.0,0.020703955352797766,8.7,0.09019330937823868,0.008610164921265095,0
2835.0,0.022807593685040418,9.366666666666667,0.08564244248213311,0.009568520123139024,0
2840.0,0.028121120874623037,9.0,0.08559329249577476,0.012212753936182708,0
2845.0,0.026994284105071157,9.0,0.08557772879019816,0.010367990878876299,0
2850.0,0.027669266511324196,8.966666666666667,0.08568431094008133,0.013880378450267017,0
2855.0,0.0396503308464585,9.166666666666666,0.03183859170059665,0.03906480336445383,0
2860.0,0.03984159551602292,9.133333333333333,0.0710927751443201,0.06192276284855324,0
2865.0,0.029576672214366773,8.366666666666667,0.07120075430835489,0.04300259443698451,0
2870.0,0.04177770353101174,8.766666666666667,0.071866425304762,0.04339888479444198,0
2875.0,0.048123378955176634,8.833333333333334,0.07203759740890116,0.04570337699260563,0
2880.0,0.04707241726768745,9.333333333333334,0.07549743562015722,0.02597665973007679,0
2885.0,0.04737671939379376,9.233333333333333,0.07714093600638247,0.031519924639724195,0
2890.0,0.058577815218559676,8.633333333333333,0.04954605920439531,0.06869097799062729,0
2895.0,0.0697805647035522,9.166666666666666,0.05692723235376139,0.07241765409708023,0
2900.0,0.06389235640319532,8.766666666666667,0.07053886892589188,0.07395827863365412,0
2905.0,0.08265467812218832,8.6,0.09981669338959658,0.14292552322149277,0
2910.0,0.10960147376492815,8.366666666666667,0.10614204106500538,0.1500033694319427,0
2915.0,0.10007673979753422,8.2,0.13015648127891738,0.19975052960217,0
2920.0,0.07974670941726326,8.466666666666667,0.1285972507856542,0.16256326995790005,0
2925.0,0.09012874640458172,7.966666666666667,0.12594678778186585,0.09333836613222958,0
2930.0,0.057101269066133165,7.766666666666667,0.1186175988756392,0.08090889407321811,0
2935.0,0.06203731638369498,7.766666666666667,0.09175200260046816,0.07842525513842702,0
2940.0,0.060741777739386466,8.033333333333333,0.09129891907469295,0.07198319281451404,0
2945.0,0.054853828249222435,7.566666666666666,0.0715848403303625,0.06948726595146582,0
2950.0,0.04026449723969664,8.133333333333333,0.08820305982879484,0.022455799859017134,0
2955.0,0.03601530404156177,9.0,0.09891547822685735,0.12179589690640569,0
2960.0,0.048888356301299896,9.333333333333334,0.10663563932218778,0.12692188727669418,0
2965.0,0.041771298055674595,9.233333333333333,0.07722944989264256,0.12157318973913789,0
2970.0,0.03397410633489404,8.833333333333334,0.07716375041815272,0.11959283758187667,0
2975.0,0.02282706093979493,8.733333333333333,0.07108456053825649,0.11747691477648914,0
2980.0,0.015779109900015673,8.366666666666667,0.10976464116066983,0.011061728931963444,0
2985.0,0.019145777120641246,8.0,0.09963820865320314,0.05865992928738706,0
2990.0,0.0313907470819295,8.566666666666666,0.10957030785823031,0.06057750944637518,0
2995.0,0.031851357919600726,8.666666666666666,0.10933183782361386,0.0605770192851196,0
3000.0,0.042217555317421704,8.8,0.10972063041750475,0.062103599775582545,0
3005.0,0.04711601747365211,9.133333333333333,0.10986720986846242,0.06493092188611627,0
3010.0,0.041394921596715345,9.0,0.07677208590366592,0.025767895160242915,0
3015.0,0.042438446819971394,9.366666666666667,0.07775163271962107,0.035043208161368966,0
3020.0,0.06631557956205737,8.433333333333334,0.051929657087817896,0.028935438953340054,0
3025.0,0.07147698812999757,8.733333333333333,0.07567275873416318,0.03163542435504496,0
3030.0,0.06872746098240667,9.4,0.08846055789036869,0.07420965540222824,0
3035.0,0.06094965622835942,9.233333333333333,0.08841263548782309,0.0726185105741024,0
3040.0,0.049705458844994645,9.166666666666666,0.08698512255844172,0.050920306937769055,0
3045.0,0.03577464258958299,8.5,0.08288402344899648,0.01069955574348569,0
3050.0,0.022948554005950958,9.0,0.07255583687049741,0.009467298921663314,0
3055.0,0.02542558780776062,8.966666666666667,0.04613165268962861,0.03764145115565043,0
3060.0,0.054935230389006,8.466666666666667,0.02510608042016609,0.026679040078306567,0
3065.0,0.07115911007590914,8.566666666666666,0.037269131878917366,0.03538227459648624,0
3070.0,0.08444809123420537,8.566666666666666,0.03742699906625205,0.036035168333910406,0
3075.0,0.0862397491133854,8.666666666666666,0.03748399281667415,0.03731526603223756,0
3080.0,0.07259767546642264,8.433333333333334,0.03729475920189093,0.025972804287448525,0
3085.0,0.0639840260654005,8.233333333333333,0.03925561697166711,0.014611385995522141,0
3090.0,0.06446948571923618,8.1,0.04157346676028388,0.01600010704714805,0
3095.0,0.06980566868005363,7.766666666666667,0.03146415278612399,0.012828577659092844,0
3100.0,0.08429782389374904,7.933333333333334,0.03147142241208756,0.015803946880623698,0
3105.0,0.09328883571054987,7.9,0.031404892183974686,0.016719637904316187,0
3110.0,0.056093493623706504,8.2,0.0660871627475794,0.025441988138481975,0
3115.0,0.05062515281418366,8.066666666666666,0.07746062165354116,0.019137354684062302,0
3120.0,0.054557150472949976,8.266666666666667,0.08079056092064393,0.019046802539378405,0
3125.0,0.04030377309538168,8.5,0.08063986232829401,0.01620592107065022,0
3130.0,0.04699013051058808,8.466666666666667,0.10543698359678574,0.017953312257304788,0
3135.0,0.04528795962584299,8.6,0.1053054177308626,0.00844874611357227,0
3140.0,0.033162418612055745,8.533333333333333,0.08303313464967171,0.04253267819149187,0
3145.0,0.024920407295157612,8.533333333333333,0.07715279784400061,0.030755408384720795,0
3150.0,0.02366366075496095,8.533333333333333,0.07504425782580695,0.008684739179443568,0
3155.0,0.028810126652593613,8.633333333333333,0.07509052601324744,0.011529976734891532,0
3160.0,0.05614523265689753,8.4,0.03835864517770583,0.011552315787412226,0
3165.0,0.06346943830555672,8.166666666666666,0.03957518766001513,0.014876400702632962,0
3170.0,0.07923645872659775,8.266666666666667,0.03190011771105047,0.06260040600318462,0
3175.0,0.04177109339416338,7.866666666666666,0.06341971239659568,0.06403258570935577,0
3180.0,0.04327116570055605,8.166666666666666,0.07163943638962936,0.06312636588700116,0
3185.0,0.03473674056957501,8.033333333333333,0.07160038687046158,0.06185928813647479,0
3190.0,0.03403441160666881,8.1,0.07167832517278425,0.06179309170693159,0
3195.0,0.028507700410697952,8.066666666666666,0.07149876013283074,0.015684242476709187,0
3200.0,0.02471800995327996,7.8,0.06996253232029007,0.010302727343514562,0
3205.0,0.02024789871722718,8.366666666666667,0.07504885445453334,0.010378626175224781,0
3210.0,0.02318862659536013,8.1,0.07409289816158397,0.011747038224712014,0
3215.0,0.03129903974954095,8.333333333333334,0.07419524167726087,0.014743094565346839,0
3220.0,0.036627617155619144,8.533333333333333,0.074170920754907,0.01599965791683644,0
3225.0,0.038742457537208855,8.7,0.07422938151401186,0.016649638768285513,0
3230.0,0.04103006228833961,8.566666666666666,0.07426779731443073,0.017084613675251603,0
3235.0,0.05884582851089503,8.433333333333334,0.041866361742787885,0.056288669584318995,0
3240.0,0.08205325548330471,7.9,0.028232811284434074,0.017972568050026894,0
3245.0,0.061988146202628484,7.766666666666667,0.06236956674609989,0.02775844954885542,0
3250.0,0.06655865348142945,8.066666666666666,0.07047813626881771,0.06689972302410752,0
3255.0,0.07507675517523558,7.733333333333333,0.07199152968036202,0.06972713372670114,0
3260.0,0.07519942632450792,8.1,0.07193551027187274,0.06767890509217978,0
3265.0,0.060811345745648816,8.066666666666666,0.06966997102139144,0.03209509281441569,0
3270.0,0.04247027740718275,8.333333333333334,0.06661326377108821,0.009804522152990103,0
3275.0,0.043339439955989906,8.433333333333334,0.045301629313825226,0.009851136419456452,0
3280.0,0.039302895191485346,8.066666666666666,0.0407500316352471,0.010123407060746104,0
3285.0,0.048014028875548155,7.933333333333334,0.03905006175366573,0.037861685908865184,0
3290.0,0.06879273947259741,7.666666666666667,0.03931044102458552,0.03877218614798039,0
3295.0,0.09708523650399295,8.0,0.03934076627631203,0.038895872072316706,0
3300.0,0.11648622393952698,7.966666666666667,0.03991040855064614,0.043970111990347505,0
3305.0,0.127297726140348,7.833333333333333,0.028887499576130717,0.030643160454928875,0
3310.0,0.20933813867231924,7.5,0.01672294915933658,0.019025638233870268,0
3315.0,0.18544018712533078,7.933333333333334,0.017366319450465253,0.017244945745915174,0
3320.0,0.19175806194270745,8.033333333333333,0.01766699202532533,0.016512009082362056,0
3325.0,0.09534591387140151,7.566666666666666,0.02899412943480256,0.014053573599085213,0
3330.0,0.028367091178820376,7.566666666666666,0.0823852564900664,0.01674803817877546,0
3335.0,0.03171305762403315,7.5,0.08250178222995813,0.01731654687318951,0
3340.0,0.04044136009545258,7.833333333333333,0.08244297017455256,0.01835149188991636,0
3345.0,0.04153222182283696,7.633333333333334,0.0856262436285066,0.019377895048819482,0
3350.0,0.050144643925401224,7.466666666666667,0.09218110367948092,0.01959847763646394,0
3355.0,0.04907682277182531,7.466666666666667,0.08985980424464773,0.021706932689994574,0
3360.0,0.08025685572203849,7.4,0.048020749914221145,0.01999896136112511,0
3365.0,0.07640094431985017,7.6,0.04776776432932913,0.019942171406000853,0
3370.0,0.060105802160926224,7.666666666666667,0.08676233553697188,0.020043199183419347,0
3375.0,0.04587131418533554,7.333333333333333,0.08383209397328442,0.018245846731588244,0
3380.0,0.045914226586345065,8.0,0.07639588518537987,0.01813786686398089,0
3385.0,0.05379239905711107,8.1,0.07617244677280631,0.018338814261369407,0
3390.0,0.04706364133658898,8.1,0.0759485583155983,0.015464343188796192,0
3395.0,0.04159393896779462,7.866666666666666,0.07604181279299393,0.015174002619460225,0
3400.0,0.08711154062914765,7.633333333333334,0.028841828281589137,0.029755144380033013,0
3405.0,0.09415342642794404,8.633333333333333,0.03194890502890425,0.05876555549912155,0
3410.0,0.12071713787284041,8.3,0.032835248767397386,0.038449219428002834,0
3415.0,0.12119614096099765,7.966666666666667,0.03284231679643027,0.031032975181005895,0
3420.0,0.08935643206952033,8.266666666666667,0.05983110871178339,0.03648592787794769,0
3425.0,0.09505114599896504,8.666666666666666,0.06854717694796614,0.03877017181366682,0
3430.0,0.08651659551535248,9.1,0.07838608053951969,0.027158679673448205,0
3435.0,0.05923462230504773,8.633333333333333,0.07321421716935865,0.015271730095264502,0
3440.0,0.044386486841293954,8.733333333333333,0.07532734278859891,0.0855986166279763,0
3445.0,0.040649384445070505,9.2,0.11112984960865092,0.08817378380626906,0
3450.0,0.05839333214184116,9.533333333333333,0.10383267043360245,0.04851163093553623,0
3455.0,0.05853575939928512,9.666666666666666,0.09971270792921967,0.054007915688998764,0
3460.0,0.048575099522700664,9.266666666666667,0.0862372239586824,0.0476162616671445,0
3465.0,0.04869590222651264,9.633333333333333,0.08625002279831812,0.047616317596521185,0
3470.0,0.03248861100058724,9.033333333333333,0.07981308871961472,0.008016031196575568,0
3475.0,0.014351279250405859,8.833333333333334,0.021118178938119233,0.0017382224999664686,0
3480.0,0.01576579616203034,7.833333333333333,0.01435377401356042,0.0006284520846193686,0
3485.0,0.06948071106041505,7.533333333333333,0.001734608612501147,0.0007065422832965851,0
3490.0,0.1259912279391809,7.3,0.002370729775413357,0.002050887487712316,0
3495.0,0.052919289892938565,7.233333333333333,0.011029052833035062,0.003793971845880151,0
3500.0,0.06292263020389877,8.4,0.014025983778560793,0.005668212397722527,0
3505.0,0.07546980146369507,8.266666666666667,0.014149546127227937,0.010954203840810806,0
3510.0,0.07129076176904829,8.5,0.013998323659541305,0.017278887738939375,0
3515.0,0.03863068759838143,8.1,0.013365831906737126,0.015574454155284911,0
3520.0,0.037946143104236926,8.566666666666666,0.013298644258727857,0.015566603891784325,0
3525.0,0.05414176573944675,8.066666666666666,0.010429861777983801,0.014962843444664031,0
3530.0,0.06345106530727432,7.1,0.007119542815108794,0.011456041829660535,0
3535.0,0.0862756378352933,7.3,0.007160417013206368,0.009007322485558689,0
3540.0,0.13427770595692778,7.533333333333333,0.007927297903954652,0.014399505831534043,0
3545.0,0.15424588897619707,7.933333333333334,0.00798772749781091,0.014067144016735256,0
3550.0,0.13838385376253443,7.766666666666667,0.00791872229628702,0.014592202554922551,0
3555.0,0.09892254048387616,7.833333333333333,0.010835773156176579,0.012693665863480419,0
3560.0,0.08643208218860715,8.0,0.011110575189890063,0.02032837411388755,0
3565.0,0.1079136601499463,8.166666666666666,0.009904042559833232,0.019691851106472313,0
3570.0,0.088166066685073,8.366666666666667,0.01032523009302848,0.019473889842629433,0
3575.0,0.08607627249588985,8.566666666666666,0.010308135750049475,0.019116069364827126,0
3580.0,0.08578466900727591,8.733333333333333,0.010032400814900533,0.018711149459704757,0
3585.0,0.05295262045320716,8.8,0.018345143643786338,0.01995091006392613,0
3590.0,0.060772247878581764,8.866666666666667,0.020080486178510153,0.021218378242338073,0
3595.0,0.03322882504073104,8.9,0.02015382116312165,0.020546799460134935,0
3600.0,0.02711336559274051,8.6,0.020448219316863362,0.018221989699668484,0
3605.0,0.02312908278350251,8.166666666666666,0.020376423098212297,0.0036009735777042806,0
3610.0,0.02783467762397649,8.033333333333333,0.02044805306918258,0.004205883131362498,0
3615.0,0.08493819714362032,8.166666666666666,0.007858971805742972,0.003760186838917434,0
3620.0,0.25393508931341613,8.166666666666666,0.0027200739755986604,0.004318217863328755,0
3625.0,0.2818511521409877,8.166666666666666,0.003271387384724233,0.004967235552612692,0
3630.0,0.10438098142025891,8.166666666666666,0.008219181371235444,0.005960524082183838,0
3635.0,0.07062789773910566,9.0,0.014075590310037633,0.00663108064327389,0
3640.0,0.07575556444205044,8.933333333333334,0.014108882768908608,0.00807435013120994,0
3645.0,0.07094835609237159,8.933333333333334,0.014076823402945082,0.017411251203157008,0
3650.0,0.04072306661149449,9.266666666666667,0.01345532873865247,0.015569828741718084,0
3655.0,0.03666593894898134,9.066666666666666,0.013276521768545456,0.015443600015714765,0
3660.0,0.036714473020427525,9.2,0.011663265743017659,0.015053083494422026,0
3665.0,0.05080749595222424,8.666666666666666,0.0072506290189829434,0.014891687431372702,0
3670.0,0.06576513813035334,8.633333333333333,0.006307185637402225,0.0039007323794066923,0
3675.0,0.07843682322711953,8.366666666666667,0.007642258824147073,0.014887459343299266,0
3680.0,0.10991087676048474,7.666666666666667,0.007709503042263502,0.013998991998960264,0
3685.0,0.10014850484828282,8.0,0.007541687535739495,0.013769929981208405,0
3690.0,0.06771306080062862,7.566666666666666,0.010050198588775856,0.014530046842992304,0
3695.0,0.05151078694544327,7.633333333333334,0.011061349296773283,0.020378183166030794,0
3700.0,0.062809740960793,7.7,0.009124699299351972,0.01954460612614639,0
3705.0,0.05152349970789771,7.866666666666666,0.010137887253538907,0.019523279901477508,0
3710.0,0.042568242807056185,7.866666666666666,0.00977407865514348,0.01871553689124994,0
3715.0,0.04048921329268622,7.4,0.009815007592358631,0.019034452008781955,0
3720.0,0.025918204530692074,7.633333333333334,0.015764791004154392,0.020095177696930477,0
3725.0,0.039874048413785154,7.533333333333333,0.019931701761633804,0.021309224277501926,0
3730.0,0.028859635101638376,7.133333333333334,0.020165027575933678,0.021342024381738156,1
3735.0,0.0269798747783009,6.933333333333334,0.02054076201837824,0.020592378939909395,1
3740.0,0.031428851379407985,7.2,0.020563297492652434,0.0031085371447261423,0
3745.0,0.04698200884140923,7.633333333333334,0.020642413324718167,0.005268157692626119,0
3750.0,0.06736320322079697,7.9,0.014938664359901236,0.006006606912706047,0
3755.0,0.32576008247743626,7.666666666666667,0.003520554338267946,0.006494084664154798,0
3760.0,0.32112086146767765,8.3,0.004481717890150573,0.007712636259384453,0
3765.0,0.3233415164540446,8.4,0.004974232983153362,0.008495238376781344,0
3770.0,0.09561595195086495,8.9,0.014366777209031161,0.009923450998030603,0
3775.0,0.11253220732108325,8.5,0.014554855898446349,0.010105096560437232,0
3780.0,0.11708792389940655,7.8,0.014399392297959814,0.01740976865403354,0
3785.0,0.07292223430460677,8.3,0.013997964013201584,0.015676529321353883,0
3790.0,0.05236853855394337,8.166666666666666,0.013528020250688002,0.0154175000207033,0
3795.0,0.04749898913288359,7.5,0.012842552036187695,0.015900863509159535,0
3800.0,0.07183496813423108,6.966666666666667,0.0077998433706368475,0.015153228945564479,0
3805.0,0.1024578378035745,7.033333333333333,0.0062789326698289355,0.005476778373122215,0
3810.0,0.10475145128900702,7.566666666666666,0.007448172406962229,0.015005792549345642,0
3815.0,0.1330891744290458,7.6,0.007997921730135917,0.016048063451307826,0
3820.0,0.12967173475045546,7.466666666666667,0.007723465583633175,0.013757136242929846,0
3825.0,0.09662260121494755,8.0,0.009322120214334364,0.013508505246136338,0
3830.0,0.07711730334443129,8.333333333333334,0.01134661020230497,0.006831858307123184,0
3835.0,0.0900084893407784,8.266666666666667,0.009782929868016243,0.019203272880986333,0
3840.0,0.08057737426710247,8.266666666666667,0.00999921102066001,0.018873768029152416,0
3845.0,0.059959627020329705,8.0,0.01011355715963816,0.019181204901542515,0
3850.0,0.058175587422913344,7.866666666666666,0.009845785710127024,0.019152293854858723,0
3855.0,0.03993143297674425,7.433333333333334,0.011939717472710182,0.019876939775713254,0
3860.0,0.0447392268136528,7.666666666666667,0.019632980894912812,0.02108980406774208,0
3865.0,0.0334558635184941,7.933333333333334,0.02007244876033261,0.02114502723725309,0
3870.0,0.031659802902041866,7.533333333333333,0.02054865005091558,0.020772307383595034,0
3875.0,0.04325508054285531,7.333333333333333,0.020689043667508136,0.005020482116378844,0
3880.0,0.04565417611892602,7.833333333333333,0.020628000101370354,0.005401647940743715,0
3885.0,0.048030985638425484,8.133333333333333,0.019230765808393963,0.005486267094966024,0
3890.0,0.32256540366497016,7.5,0.0029094537159567477,0.0046754261129535735,0
3895.0,0.33757633130849835,7.233333333333333,0.003556567990530256,0.005755165475420654,0
3900.0,0.2997885991128877,7.366666666666666,0.0037141229116584335,0.006020075234118849,0
3905.0,0.07665819167671581,7.966666666666667,0.01210892043829486,0.006277407461311668,0
3910.0,0.0721614927807792,7.7,0.01398890771369942,0.006440166442189366,0
3915.0,0.07867888765335694,7.7,0.014064485276910822,0.01593155658338219,0
3920.0,0.06629932104119012,7.966666666666667,0.013818462999934828,0.016029586549848318,0
3925.0,0.03864479887346921,8.0,0.013068739365397607,0.015262534056091681,0
3930.0,0.04429691502447633,7.833333333333333,0.012962298112721827,0.01526641333475709,0
3935.0,0.04784462253873611,7.466666666666667,0.009863677252699788,0.015151090628933161,0
3940.0,0.06007372765893108,6.9,0.007139231174145522,0.006008543074131012,0
3945.0,0.08221688621882696,6.966666666666667,0.007321103075453045,0.011728063225746155,0
3950.0,0.13252076995633694,7.233333333333333,0.00826996227913353,0.015471928374608979,0
3955.0,0.16006444671848769,7.333333333333333,0.00803227049695137,0.014943955640774218,0
3960.0,0.1465834480020688,7.633333333333334,0.00808355753028678,0.01462478082976304,0
3965.0,0.09988188200575554,7.7,0.010963709721189964,0.008941216976381838,0
3970.0,0.07600714274376592,7.933333333333334,0.010854969180747943,0.02072721446165815,0
3975.0,0.09032582012023964,8.2,0.009798145826719614,0.019464286568108943,0
3980.0,0.06665791883456391,7.7,0.010255981269743225,0.018625600554514676,0
3985.0,0.0671924142993692,7.733333333333333,0.01000780805246172,0.017836182320024818,0
3990.0,0.06417007550269693,8.033333333333333,0.009982483042184954,0.017822558904299513,0
3995.0,0.05434004146664202,8.166666666666666,0.019173249890117164,0.02015546362963505,0
4000.0,0.06121521453556301,8.466666666666667,0.020352848028614007,0.02222866068041185,0
4005.0,0.04527315125176141,8.1,0.020426177795821846,0.02106867048132699,0
4010.0,0.03758213294513817,8.4,0.02064877121433339,0.004700591642176732,0
4015.0,0.03034594735235631,7.866666666666666,0.020477453370082145,0.003933138184947893,0
4020.0,0.029833465601497206,7.4,0.02054211353926345,0.0038625655288342386,0
4025.0,0.23477507521980168,6.866666666666666,0.0028207868359209627,0.003714135236805305,0
4030.0,0.28433698117137934,6.8,0.002535901715089374,0.0038984776474535465,0
4035.0,0.2661479675469189,6.9,0.002973771219502003,0.0045351285370998085,0
4040.0,0.08547994767447001,6.9,0.009710945943467659,0.005374792963266373,0
4045.0,0.07472122840839049,7.666666666666667,0.01418853384477276,0.006244026706553996,0
4050.0,0.07636818311602188,7.433333333333334,0.014248422426130522,0.008823953685350716,0
4055.0,0.07824985053902907,7.666666666666667,0.014178634834276319,0.01724895986262709,0
4060.0,0.049341680854256394,7.3,0.013578835714944023,0.015677190996939316,0
4065.0,0.04692612829088347,7.3,0.013379437426313808,0.015527032053796574,0
4070.0,0.04347752548857161,7.266666666666667,0.011263935521644647,0.014519383548758924,0
4075.0,0.04709658159727124,7.2,0.0072257411641431625,0.013224582595285028,0
4080.0,0.051497925008679044,7.3,0.00665916930944676,0.0040069385431706905,0
4085.0,0.07867780433253722,7.133333333333334,0.0076904913203860795,0.01398686450556852,0
4090.0,0.11976528166179368,7.733333333333333,0.0076627653546691285,0.014003347860125357,0
4095.0,0.10756605601842753,7.433333333333334,0.007734971356500213,0.014660266344435513,0
4100.0,0.0883793662590546,7.633333333333334,0.010401218440325264,0.014898163906764239,0
4105.0,0.08370460905602303,7.433333333333334,0.011097390569948674,0.019609108450822532,0
4110.0,0.09793338446580124,7.466666666666667,0.009528618495509353,0.018866613798309118,0
4115.0,0.08238880450909546,7.866666666666666,0.010315332006845592,0.01952581329169334,0
4120.0,0.07571322802408369,7.6,0.010037966812162687,0.018670024204766374,0
4125.0,0.0708517104430372,7.833333333333333,0.010139371654969566,0.01921900894376449,0
4130.0,0.039210599424399945,7.666666666666667,0.016628972402041295,0.02001257927622646,0
4135.0,0.05156323635166779,7.8,0.019851703184013088,0.021105388965224847,0
4140.0,0.04038939088618292,7.966666666666667,0.019931454941525876,0.020707166491774842,0
4145.0,0.043133027756855596,7.733333333333333,0.02045041858440696,0.020831812551477924,0
4150.0,0.0443204724040599,7.666666666666667,0.0203828856635703,0.00485817322623916,0
4155.0,0.05345209690979853,7.6,0.020366983172629888,0.00618010776815936,0
4160.0,0.09032932625701026,7.5,0.012969914038487865,0.00637990835821256,0
4165.0,0.36859548109456125,7.4,0.003602540816812756,0.006600441760383546,0
4170.0,0.3065301508833528,7.266666666666667,0.004502645496732902,0.007699973881244659,0
4175.0,0.21053027742846372,7.566666666666666,0.006436280670471362,0.008890749537386,0
4180.0,0.09379613898777933,8.533333333333333,0.014689136190713893,0.009777330851648003,0
4185.0,0.11244948204777921,9.066666666666666,0.014593524938232873,0.00942311983089894,0
4190.0,0.1061438897359505,8.533333333333333,0.014620218496057644,0.01822567539056763,0
4195.0,0.05969190127190098,8.933333333333334,0.014174498998025165,0.016508412634721026,0
4200.0,0.04583387373195835,8.866666666666667,0.0134954584266463,0.015661454934161156,0
4205.0,0.043582990949424624,8.6,0.01264915535234515,0.015215601306408644,0
4210.0,0.06686874129366828,8.333333333333334,0.007650350750746296,0.014795870869420469,0
4215.0,0.08899628202580559,7.466666666666667,0.006180600209770485,0.004859699867665769,0
4220.0,0.10582497625407836,8.066666666666666,0.007816805723294282,0.014402913831872866,0
4225.0,0.14848216965473396,8.033333333333333,0.008055049724890235,0.015518951440753881,0
4230.0,0.14212289399698808,8.166666666666666,0.007780277153622204,0.013986974663566798,0
4235.0,0.09960616448705056,7.833333333333333,0.009877585764797225,0.0138808834599331,0
4240.0,0.07663063343110803,7.333333333333333,0.011444350736348982,0.007965083175804466,0
4245.0,0.09063562834084125,7.3,0.00948760955960697,0.01964727343874983,0
4250.0,0.07121760563441458,7.4,0.010303047773206583,0.019809111079666764,0
4255.0,0.053246257250295165,7.5,0.010088694291675184,0.019476123939966783,0
4260.0,0.05475626245065606,8.033333333333333,0.009962259133815415,0.019291238102596253,0
4265.0,0.03240958560635491,8.2,0.013621437669552712,0.019666566891828552,0
4270.0,0.051039438821470606,8.6,0.019631824305938555,0.02041789671056904,0
4275.0,0.041268362793232136,8.9,0.019974887863267073,0.02066341822501272,0
4280.0,0.0420923964825977,8.466666666666667,0.020537414736503296,0.021619551233015954,0
4285.0,0.052426260225772216,8.066666666666666,0.020499885253950093,0.005523875501239672,0
4290.0,0.06409605826255538,7.433333333333334,0.020637223528387757,0.006561726157087833,0
